Set,MSE,RMSE,MAE,R2
Validation,0.7706894099757906,0.8778891786414676,0.6563151956784631,0.30643394683110814
Test,0.7139523113557771,0.8449569878732154,0.662207717277765,0.4314252269620322
